{"errors":[],"warnings":[],"namedChunkGroups":{"app":{"chunks":[3,0],"assets":["webpack-runtime-a9280c26185e3188ad43.js","webpack-runtime-a9280c26185e3188ad43.js.map","app-63d7f79330fed719cfd4.js","app-63d7f79330fed719cfd4.js.map"],"children":{},"childAssets":{}},"component---src-pages-index-jsx":{"chunks":[1],"assets":["component---src-pages-index-jsx-0b12b5aa5625887b59ee.js","component---src-pages-index-jsx-0b12b5aa5625887b59ee.js.map"],"children":{},"childAssets":{}},"pages-manifest":{"chunks":[2],"assets":["pages-manifest-b96f151973b084f2a88f.js","pages-manifest-b96f151973b084f2a88f.js.map"],"children":{},"childAssets":{}}},"assetsByChunkName":{"app":["webpack-runtime-a9280c26185e3188ad43.js","app-63d7f79330fed719cfd4.js"],"component---src-pages-index-jsx":["component---src-pages-index-jsx-0b12b5aa5625887b59ee.js"],"pages-manifest":["pages-manifest-b96f151973b084f2a88f.js"]}}