{"pages":[{"componentChunkName":"component---src-pages-index-jsx","jsonName":"index","path":"/"},{"componentChunkName":"component---src-pages-about-css-modules-js","jsonName":"about-css-modules-c4c","path":"/about-css-modules/"},{"componentChunkName":"component---src-pages-about-js","jsonName":"about-f34","path":"/about/"},{"componentChunkName":"component---cache-dev-404-page-js","jsonName":"dev-404-page-5f9","path":"/dev-404-page/"}],"dataPaths":{"about-f34":"125/path---about-f-34-4c2-NZuapzHg3X9TaN1iIixfv1W23E","dev-404-page-5f9":"920/path---dev-404-page-5-f-9-fab-NZuapzHg3X9TaN1iIixfv1W23E","index":"173/path---index-6a9-NZuapzHg3X9TaN1iIixfv1W23E"}}