[
    {
        "componentChunkName": "component---src-pages-index-jsx",
        "jsonName": "index",
        "path": "/"
    },
    {
        "componentChunkName": "component---src-pages-about-css-modules-js",
        "jsonName": "about-css-modules-c4c",
        "path": "/about-css-modules/"
    },
    {
        "componentChunkName": "component---src-pages-about-js",
        "jsonName": "about-f34",
        "path": "/about/"
    },
    {
        "componentChunkName": "component---cache-dev-404-page-js",
        "jsonName": "dev-404-page-5f9",
        "path": "/dev-404-page/"
    }
]