{
  "nodes": {
    "SitePage /dev-404-page/": {
      "jsonName": "dev-404-page-5f9",
      "internalComponentName": "ComponentDev404Page",
      "path": "/dev-404-page/",
      "component": "/home/cabox/workspace/hello-world/.cache/dev-404-page.js",
      "componentChunkName": "component---cache-dev-404-page-js",
      "context": {},
      "pluginCreator___NODE": "d48d1c52-fe48-53cb-8f08-aa4b47dde5a5",
      "pluginCreatorId": "d48d1c52-fe48-53cb-8f08-aa4b47dde5a5",
      "componentPath": "/home/cabox/workspace/hello-world/.cache/dev-404-page.js",
      "id": "SitePage /dev-404-page/",
      "parent": null,
      "children": [],
      "internal": {
        "type": "SitePage",
        "contentDigest": "b693fa73cf2e15502800a98fa8cd7cee",
        "description": "d48d1c52-fe48-53cb-8f08-aa4b47dde5a5",
        "owner": "internal-data-bridge"
      }
    },
    "d48d1c52-fe48-53cb-8f08-aa4b47dde5a5": {
      "resolve": "/home/cabox/workspace/hello-world/node_modules/gatsby/dist/internal-plugins/dev-404-page",
      "id": "d48d1c52-fe48-53cb-8f08-aa4b47dde5a5",
      "name": "dev-404-page",
      "version": "1.0.0",
      "pluginOptions": {
        "plugins": []
      },
      "nodeAPIs": [
        "createPagesStatefully"
      ],
      "browserAPIs": [],
      "ssrAPIs": [],
      "pluginFilepath": "/home/cabox/workspace/hello-world/node_modules/gatsby/dist/internal-plugins/dev-404-page",
      "packageJson": {
        "name": "dev-404-page",
        "description": "Internal plugin to add a 404 page in development with helpful information",
        "version": "1.0.0",
        "main": "index.js",
        "author": "Kyle Mathews <mathews.kyle@gmail.com>",
        "license": "MIT",
        "dependencies": [],
        "devDependencies": [],
        "peerDependencies": [],
        "optionalDependecies": [],
        "bundledDependecies": []
      },
      "parent": null,
      "children": [],
      "internal": {
        "contentDigest": "f4d910165ebc0bdcf1e88c8b80c8ceea",
        "type": "SitePlugin",
        "owner": "internal-data-bridge"
      }
    },
    "1fc32581-893a-55e8-8927-bcd667e2b700": {
      "resolve": "/home/cabox/workspace/hello-world/node_modules/gatsby/dist/internal-plugins/load-babel-config",
      "id": "1fc32581-893a-55e8-8927-bcd667e2b700",
      "name": "load-babel-config",
      "version": "1.0.0",
      "pluginOptions": {
        "plugins": []
      },
      "nodeAPIs": [
        "onPreBootstrap"
      ],
      "browserAPIs": [],
      "ssrAPIs": [],
      "pluginFilepath": "/home/cabox/workspace/hello-world/node_modules/gatsby/dist/internal-plugins/load-babel-config",
      "packageJson": {
        "name": "load-babel-config",
        "description": "Internal plugin that handles loading Babel configs",
        "version": "1.0.0",
        "main": "index.js",
        "author": "Kyle Mathews <mathews.kyle@gmail.com>",
        "license": "MIT",
        "dependencies": [],
        "devDependencies": [],
        "peerDependencies": [],
        "optionalDependecies": [],
        "bundledDependecies": []
      },
      "parent": null,
      "children": [],
      "internal": {
        "contentDigest": "81537bd4a8b228d75cee44a141889bb2",
        "type": "SitePlugin",
        "owner": "internal-data-bridge"
      }
    },
    "a5079d69-ba80-53dc-82f9-0f440bd5448c": {
      "resolve": "/home/cabox/workspace/hello-world/node_modules/gatsby/dist/internal-plugins/internal-data-bridge",
      "id": "a5079d69-ba80-53dc-82f9-0f440bd5448c",
      "name": "internal-data-bridge",
      "version": "1.0.0",
      "pluginOptions": {
        "plugins": []
      },
      "nodeAPIs": [
        "sourceNodes",
        "onCreatePage"
      ],
      "browserAPIs": [],
      "ssrAPIs": [],
      "pluginFilepath": "/home/cabox/workspace/hello-world/node_modules/gatsby/dist/internal-plugins/internal-data-bridge",
      "packageJson": {
        "name": "internal-data-bridge",
        "description": "An internal Gatsby plugin which creates data nodes from internal data",
        "version": "1.0.0",
        "main": "index.js",
        "author": "Kyle Mathews <mathews.kyle@gmail.com>",
        "license": "MIT",
        "dependencies": [],
        "devDependencies": [],
        "peerDependencies": [],
        "optionalDependecies": [],
        "bundledDependecies": []
      },
      "parent": null,
      "children": [],
      "internal": {
        "contentDigest": "a703f84681534e463487b6010119be64",
        "type": "SitePlugin",
        "owner": "internal-data-bridge"
      }
    },
    "f795702c-a3b8-5a88-88ee-5d06019d44fa": {
      "resolve": "/home/cabox/workspace/hello-world/node_modules/gatsby/dist/internal-plugins/prod-404",
      "id": "f795702c-a3b8-5a88-88ee-5d06019d44fa",
      "name": "prod-404",
      "version": "1.0.0",
      "pluginOptions": {
        "plugins": []
      },
      "nodeAPIs": [
        "onCreatePage"
      ],
      "browserAPIs": [],
      "ssrAPIs": [],
      "pluginFilepath": "/home/cabox/workspace/hello-world/node_modules/gatsby/dist/internal-plugins/prod-404",
      "packageJson": {
        "name": "prod-404",
        "description": "Internal plugin to detect various flavors of 404 pages and ensure there's a 404.html path created as well to ensure compatability with static hosts",
        "version": "1.0.0",
        "main": "index.js",
        "author": "Kyle Mathews <mathews.kyle@gmail.com>",
        "license": "MIT",
        "dependencies": [],
        "devDependencies": [],
        "peerDependencies": [],
        "optionalDependecies": [],
        "bundledDependecies": []
      },
      "parent": null,
      "children": [],
      "internal": {
        "contentDigest": "2f4cfca9c9cf981ddffca869f62ee11c",
        "type": "SitePlugin",
        "owner": "internal-data-bridge"
      }
    },
    "84dad27f-1d44-51fc-ac56-4db2e5222995": {
      "resolve": "/home/cabox/workspace/hello-world/node_modules/gatsby/dist/internal-plugins/query-runner",
      "id": "84dad27f-1d44-51fc-ac56-4db2e5222995",
      "name": "query-runner",
      "version": "1.0.0",
      "pluginOptions": {
        "plugins": []
      },
      "nodeAPIs": [
        "onCreatePage"
      ],
      "browserAPIs": [],
      "ssrAPIs": [],
      "pluginFilepath": "/home/cabox/workspace/hello-world/node_modules/gatsby/dist/internal-plugins/query-runner",
      "packageJson": {
        "name": "query-runner",
        "description": "Internal plugin for running queries",
        "version": "1.0.0",
        "main": "index.js",
        "author": "",
        "license": "MIT",
        "dependencies": [],
        "devDependencies": [],
        "peerDependencies": [],
        "optionalDependecies": [],
        "bundledDependecies": []
      },
      "parent": null,
      "children": [],
      "internal": {
        "contentDigest": "3b2eb323e032d925ae50bc2856be47e0",
        "type": "SitePlugin",
        "owner": "internal-data-bridge"
      }
    },
    "6f4b2fa9-66b5-5205-a03f-140005a2cfe5": {
      "resolve": "/home/cabox/workspace/hello-world/node_modules/gatsby/dist/internal-plugins/webpack-theme-component-shadowing",
      "id": "6f4b2fa9-66b5-5205-a03f-140005a2cfe5",
      "name": "webpack-theme-component-shadowing",
      "version": "1.0.0",
      "pluginOptions": {
        "plugins": []
      },
      "nodeAPIs": [
        "onCreateWebpackConfig"
      ],
      "browserAPIs": [],
      "ssrAPIs": [],
      "pluginFilepath": "/home/cabox/workspace/hello-world/node_modules/gatsby/dist/internal-plugins/webpack-theme-component-shadowing",
      "packageJson": {
        "name": "webpack-theme-component-shadowing",
        "description": "An internal Gatsby plugin which handles configuring webpack to ensure theme components fall back from the user's site to theme modules.",
        "version": "1.0.0",
        "main": "index.js",
        "author": "Chris Biscardi <chris@christopherbiscardi.com>",
        "license": "MIT",
        "dependencies": [],
        "devDependencies": [],
        "peerDependencies": [],
        "optionalDependecies": [],
        "bundledDependecies": []
      },
      "parent": null,
      "children": [],
      "internal": {
        "contentDigest": "f4e7d494d057257dddf4fa0757656b2b",
        "type": "SitePlugin",
        "owner": "internal-data-bridge"
      }
    },
    "7374ebf2-d961-52ee-92a2-c25e7cb387a9": {
      "resolve": "/home/cabox/workspace/hello-world",
      "id": "7374ebf2-d961-52ee-92a2-c25e7cb387a9",
      "name": "default-site-plugin",
      "version": "d41d8cd98f00b204e9800998ecf8427e",
      "pluginOptions": {
        "plugins": []
      },
      "nodeAPIs": [],
      "browserAPIs": [],
      "ssrAPIs": [],
      "pluginFilepath": "/home/cabox/workspace/hello-world",
      "packageJson": {
        "name": "gatsby-starter-hello-world",
        "description": "A simplified bare-bones starter for Gatsby",
        "version": "0.1.0",
        "license": "MIT",
        "dependencies": [
          {
            "name": "gatsby",
            "version": "^2.2.3"
          },
          {
            "name": "react",
            "version": "^16.8.4"
          },
          {
            "name": "react-dom",
            "version": "^16.8.4"
          }
        ],
        "devDependencies": [
          {
            "name": "prettier",
            "version": "^1.16.4"
          }
        ],
        "peerDependencies": [],
        "optionalDependecies": [],
        "bundledDependecies": []
      },
      "parent": null,
      "children": [],
      "internal": {
        "contentDigest": "a450615ef821dd7ee3b07433f8a63e94",
        "type": "SitePlugin",
        "owner": "internal-data-bridge"
      }
    },
    "11fc5413-98c9-5d3d-b631-03882b728b70": {
      "resolve": "/home/cabox/workspace/hello-world/node_modules/gatsby-plugin-page-creator",
      "id": "11fc5413-98c9-5d3d-b631-03882b728b70",
      "name": "gatsby-plugin-page-creator",
      "version": "2.0.10",
      "pluginOptions": {
        "plugins": [],
        "path": "/home/cabox/workspace/hello-world/src/pages",
        "pathCheck": false
      },
      "nodeAPIs": [
        "createPagesStatefully"
      ],
      "browserAPIs": [],
      "ssrAPIs": [],
      "pluginFilepath": "/home/cabox/workspace/hello-world/node_modules/gatsby-plugin-page-creator",
      "packageJson": {
        "name": "gatsby-plugin-page-creator",
        "description": "Gatsby plugin that automatically creates pages from React components in specified directories",
        "version": "2.0.10",
        "main": "index.js",
        "keywords": [
          "gatsby",
          "gatsby-plugin"
        ],
        "author": {
          "name": "Kyle Mathews",
          "email": "mathews.kyle@gmail.com"
        },
        "license": "MIT",
        "dependencies": [
          {
            "name": "@babel/runtime",
            "version": "^7.0.0"
          },
          {
            "name": "bluebird",
            "version": "^3.5.0"
          },
          {
            "name": "chokidar",
            "version": "^2.1.2"
          },
          {
            "name": "fs-exists-cached",
            "version": "^1.0.0"
          },
          {
            "name": "glob",
            "version": "^7.1.1"
          },
          {
            "name": "lodash",
            "version": "^4.17.10"
          },
          {
            "name": "micromatch",
            "version": "^3.1.10"
          },
          {
            "name": "parse-filepath",
            "version": "^1.0.1"
          },
          {
            "name": "slash",
            "version": "^1.0.0"
          }
        ],
        "devDependencies": [
          {
            "name": "@babel/cli",
            "version": "^7.0.0"
          },
          {
            "name": "@babel/core",
            "version": "^7.0.0"
          },
          {
            "name": "babel-preset-gatsby-package",
            "version": "^0.1.4"
          },
          {
            "name": "cross-env",
            "version": "^5.0.5"
          }
        ],
        "peerDependencies": [
          {
            "name": "gatsby",
            "version": "^2.0.0"
          }
        ],
        "optionalDependecies": [],
        "bundledDependecies": []
      },
      "parent": null,
      "children": [],
      "internal": {
        "contentDigest": "27bd1958405a509e03ffffefbccd0f47",
        "type": "SitePlugin",
        "owner": "internal-data-bridge"
      }
    },
    "Site": {
      "siteMetadata": {
        "title": "Pandas Eating Lots"
      },
      "port": "3000",
      "host": "0.0.0.0",
      "buildTime": "2019-03-20T22:32:06.403Z",
      "id": "Site",
      "parent": null,
      "children": [],
      "internal": {
        "contentDigest": "ae6dbb7a0eb0a0ab92d6db49a6e35dde",
        "type": "Site",
        "owner": "internal-data-bridge"
      }
    },
    "SitePage /about/": {
      "jsonName": "about-f34",
      "internalComponentName": "ComponentAbout",
      "path": "/about/",
      "component": "/home/cabox/workspace/hello-world/src/pages/about.js",
      "componentChunkName": "component---src-pages-about-js",
      "context": {},
      "pluginCreator___NODE": "11fc5413-98c9-5d3d-b631-03882b728b70",
      "pluginCreatorId": "11fc5413-98c9-5d3d-b631-03882b728b70",
      "componentPath": "/home/cabox/workspace/hello-world/src/pages/about.js",
      "id": "SitePage /about/",
      "parent": null,
      "children": [],
      "internal": {
        "type": "SitePage",
        "contentDigest": "5d5f8a7ea83c55df83096865495957ec",
        "description": "11fc5413-98c9-5d3d-b631-03882b728b70",
        "owner": "internal-data-bridge"
      }
    },
    "SitePage /": {
      "jsonName": "index",
      "internalComponentName": "ComponentIndex",
      "path": "/",
      "component": "/home/cabox/workspace/hello-world/src/pages/index.jsx",
      "componentChunkName": "component---src-pages-index-jsx",
      "context": {},
      "pluginCreator___NODE": "11fc5413-98c9-5d3d-b631-03882b728b70",
      "pluginCreatorId": "11fc5413-98c9-5d3d-b631-03882b728b70",
      "componentPath": "/home/cabox/workspace/hello-world/src/pages/index.jsx",
      "id": "SitePage /",
      "parent": null,
      "children": [],
      "internal": {
        "type": "SitePage",
        "contentDigest": "f05228cc8b27df83937b9ba8a145592e",
        "description": "11fc5413-98c9-5d3d-b631-03882b728b70",
        "owner": "internal-data-bridge"
      }
    },
    "SitePage /about-css-modules/": {
      "jsonName": "about-css-modules-c4c",
      "internalComponentName": "ComponentAboutCssModules",
      "path": "/about-css-modules/",
      "component": "/home/cabox/workspace/hello-world/src/pages/about-css-modules.js",
      "componentChunkName": "component---src-pages-about-css-modules-js",
      "context": {},
      "pluginCreator___NODE": "11fc5413-98c9-5d3d-b631-03882b728b70",
      "pluginCreatorId": "11fc5413-98c9-5d3d-b631-03882b728b70",
      "componentPath": "/home/cabox/workspace/hello-world/src/pages/about-css-modules.js",
      "id": "SitePage /about-css-modules/",
      "parent": null,
      "children": [],
      "internal": {
        "type": "SitePage",
        "contentDigest": "67abe36fa53035f29915acc71112a097",
        "description": "11fc5413-98c9-5d3d-b631-03882b728b70",
        "owner": "internal-data-bridge"
      }
    }
  },
  "status": {
    "plugins": {},
    "PLUGINS_HASH": "ee321d45b5858d8df7bbca1466212608"
  },
  "componentDataDependencies": {
    "nodes": {},
    "connections": {}
  },
  "jsonDataPaths": {
    "index": "173/path---index-6a9-NZuapzHg3X9TaN1iIixfv1W23E",
    "dev-404-page-5f9": "920/path---dev-404-page-5-f-9-fab-NZuapzHg3X9TaN1iIixfv1W23E",
    "about-f34": "125/path---about-f-34-4c2-NZuapzHg3X9TaN1iIixfv1W23E",
    "about-css-modules-c4c": "924/path---about-css-modules-c-4-c-850-NZuapzHg3X9TaN1iIixfv1W23E"
  },
  "components": {
    "/home/cabox/workspace/hello-world/.cache/dev-404-page.js": {
      "query": "",
      "componentPath": "/home/cabox/workspace/hello-world/.cache/dev-404-page.js"
    },
    "/home/cabox/workspace/hello-world/src/pages/index.jsx": {
      "query": "",
      "componentPath": "/home/cabox/workspace/hello-world/src/pages/index.jsx"
    },
    "/home/cabox/workspace/hello-world/src/pages/about.js": {
      "query": "",
      "componentPath": "/home/cabox/workspace/hello-world/src/pages/about.js"
    },
    "/home/cabox/workspace/hello-world/src/pages/about-css-modules.js": {
      "query": "",
      "componentPath": "/home/cabox/workspace/hello-world/src/pages/about-css-modules.js"
    }
  },
  "staticQueryComponents": {}
}